<?xml version='1.0' encoding='UTF-8'?>
<!DOCTYPE beans PUBLIC '-//SPRING//DTD BEAN//EN' 'http://www.springframework.org/dtd/spring-beans-2.0.dtd'>

<beans>
	<bean id="webframework.configsource" class="org.alfresco.config.source.UrlConfigSource">
		<constructor-arg>
			<list>
				<!-- Web Script Framework -->
				<value>classpath:alfresco/webscript-framework-config.xml</value>
				<value>classpath:alfresco/web-extension/webscript-framework-config-custom.xml</value>
				<value>jar:*!/META-INF/webscript-framework-config-custom.xml</value>

				<!--  Start TEST dependencies -->
				<!--  These is included because some of the tests require it  -->
				<!--  These should be removed -->
				<value>classpath:alfresco/webscript-framework-config-test.xml</value>
				<!--  End TEST dependencies -->

				<!-- Web Framework -->
				<value>classpath:alfresco/web-framework-config.xml</value>
				<value>classpath:alfresco/web-framework-config-remote.xml</value>
				<value>classpath:alfresco/web-framework-config-commons.xml</value>
				<value>classpath:alfresco/web-framework-config-application.xml</value>
				<value>classpath:alfresco/web-extension/web-framework-config-defaults.xml</value>
				<value>classpath:alfresco/web-extension/web-framework-config-custom.xml</value>

				<value>jar:*!/META-INF/web-framework-config-custom.xml</value>

			</list>
		</constructor-arg>
	</bean>
</beans>
