<alfresco-config>

   <!--plug-ins>
      <evaluators>
           <evaluator id="node-type" class="org.alfresco.web.config.NodeTypeEvaluator" />
           <evaluator id="aspect-name" class="org.alfresco.web.config.AspectEvaluator" />
      </evaluators>
   </plug-ins-->

   
   <!-- START BlueXML custom form configuration for the Key:com_bluexml_side_util_security_License content type -->   
   <config evaluator="node-type" condition="Key:com_bluexml_side_util_security_License">
   	<forms>
	      <form>
	         <field-visibility>
	            <!-- START default Alfresco form configuration (cm:content) -->
	            <show id="cm:name" />
	            <!-- <show id="mimetype" /> TODO: Need to extract from content property -->
	            <show id="cm:title" />
	            <show id="cm:description" />
	            <show id="cm:author" />
	            <!-- <show id="size" /> TODO: Need to extract from content property -->
	            <show id="cm:description" />
	            <show id="cm:creator" />
	            <show id="cm:created" />
	            <show id="cm:modifier" />
	            <show id="cm:modified" />  
	            <!-- END default Alfresco form configuration (cm:content) -->
	            
	            <!-- START BlueXML custom form configuration (Key:com_bluexml_side_util_security_License) -->
	            <!-- END BlueXML custom form configuration (Key:com_bluexml_side_util_security_License) -->
	         </field-visibility>
	      </form>
	</forms>          
   </config>    
   <!-- END BlueXML custom form configuration for the Key:com_bluexml_side_util_security_License content type -->    
   
   <!-- START BlueXML custom form configuration for the Key:com_bluexml_side_util_security_Partnership content type -->   
   <config evaluator="node-type" condition="Key:com_bluexml_side_util_security_Partnership">
   	<forms>
	      <form>
	         <field-visibility>
	            <!-- START default Alfresco form configuration (cm:content) -->
	            <show id="cm:name" />
	            <!-- <show id="mimetype" /> TODO: Need to extract from content property -->
	            <show id="cm:title" />
	            <show id="cm:description" />
	            <show id="cm:author" />
	            <!-- <show id="size" /> TODO: Need to extract from content property -->
	            <show id="cm:description" />
	            <show id="cm:creator" />
	            <show id="cm:created" />
	            <show id="cm:modifier" />
	            <show id="cm:modified" />  
	            <!-- END default Alfresco form configuration (cm:content) -->
	            
	            <!-- START BlueXML custom form configuration (Key:com_bluexml_side_util_security_Partnership) -->
	            <!-- END BlueXML custom form configuration (Key:com_bluexml_side_util_security_Partnership) -->
	         </field-visibility>
	      </form>
	</forms>          
   </config>    
   <!-- END BlueXML custom form configuration for the Key:com_bluexml_side_util_security_Partnership content type -->    
   
   <!-- START BlueXML custom form configuration for the Key:com_bluexml_side_util_security_Contact content type -->   
   <config evaluator="node-type" condition="Key:com_bluexml_side_util_security_Contact">
   	<forms>
	      <form>
	         <field-visibility>
	            <!-- START default Alfresco form configuration (cm:content) -->
	            <show id="cm:name" />
	            <!-- <show id="mimetype" /> TODO: Need to extract from content property -->
	            <show id="cm:title" />
	            <show id="cm:description" />
	            <show id="cm:author" />
	            <!-- <show id="size" /> TODO: Need to extract from content property -->
	            <show id="cm:description" />
	            <show id="cm:creator" />
	            <show id="cm:created" />
	            <show id="cm:modifier" />
	            <show id="cm:modified" />  
	            <!-- END default Alfresco form configuration (cm:content) -->
	            
	            <!-- START BlueXML custom form configuration (Key:com_bluexml_side_util_security_Contact) -->
	            <!-- END BlueXML custom form configuration (Key:com_bluexml_side_util_security_Contact) -->
	         </field-visibility>
	      </form>
	</forms>          
   </config>    
   <!-- END BlueXML custom form configuration for the Key:com_bluexml_side_util_security_Contact content type -->    
  
</alfresco-config>
